sample_reason,confidence,score,diagnostic_group,source_shape,token_overlap,char_overlap,shared_entity_count,relationship_type,thirumurai_no,paadal_id,link_id,source_text,target_text,diagnostic_note
diagnostic_group=ambiguous_multiple_targets,low,0.1235,ambiguous_multiple_targets,ordinary_phrase,0.0,0.0208,0,theological_explanation,3,thirumurai_03_paadal_2919,ppl_v4_base_5d2db92350488bd5,இதன் மூலம் பாடல் கொடுக்கப்படவில்லை.,சமணர்களும் சாதித்துக் கூறுகின்ற சொற்களைக் கேட்டு உணர்வழிந்து தளர்ச்சி அடைய வேண்டா.,"The best target is close to the second-best target, so several pozhppurai spans may be plausible."
diagnostic_group=ambiguous_multiple_targets,low,0.1264,ambiguous_multiple_targets,ordinary_phrase,0.0,0.0377,0,theological_explanation,3,thirumurai_03_paadal_3253,ppl_v4_base_4e459ef384cedfff,இதன் மூலம் பாடல் கொடுக்கப்படவில்லை.,"சமணர் ஆகியோர்களைப் படைத்தும்,","The best target is close to the second-best target, so several pozhppurai spans may be plausible."
diagnostic_group=focused_qa_rule_match,high,0.92,focused_qa_rule_match,single_token,1.0,1.0,0,glosses_word,1,thirumurai_01_paadal_65,ppl_v4_base_4e5cd9f1b256d66c,நின்று,நின்று,Focused QA rule matched: focused_qa_corrected_usable.
diagnostic_group=focused_qa_rule_match,high,0.92,focused_qa_rule_match,single_token,0.5,0.5,2,interprets_image,7,thirumurai_07_paadal_484,ppl_v4_base_3a41fbab8bef936e,கொன்றை,கொன்றை மலர்,Focused QA rule matched: focused_qa_accepted_split.
diagnostic_group=focused_qa_rule_match,medium,0.78,focused_qa_rule_match,single_token,1.0,1.0,1,interprets_image,6,thirumurai_06_paadal_27,ppl_v4_base_3d22a0fecbf7b5db,நீறு,நீறு,Focused QA rule matched: focused_qa_corrected_usable.
diagnostic_group=focused_qa_rule_match,medium,0.78,focused_qa_rule_match,single_token,1.0,1.0,0,explains_line,6,thirumurai_06_paadal_410,ppl_v4_base_079ac5e35850ac4a,நீயே,நீயே,Focused QA rule matched: focused_qa_corrected_usable.
diagnostic_group=low_lexical_overlap,low,0.1208,low_lexical_overlap,single_token,0.0,0.0046,0,describes_entity,2,thirumurai_02_paadal_2255,ppl_v4_base_54b2a7d6c30404d6,எண்ணும்,கரையை அகழும் வித்தகத்தோடு அலைகள் சூழும் கடலை அடுத்துள்ள காழிப்பதியில் கவுணியர் குலத்தில் தோன்றி நல்ல ஞானத்தால் எல்லாவற்றையும் இனிதுணரும் ஞானசம்பந்தன் கருதிச் சொல் வித்தகத்துடன் இறைவனது திருநணாவை ஏத்திய இப்பதிகப்பாடல்களை மேம்பட்ட இசைத் திறமையால் பாடிப் போற்றுவார் இவ்வுலகில் பழியிலராவர்.,The paadal line and selected pozhppurai target share little surface vocabulary.
diagnostic_group=low_lexical_overlap,low,0.1209,low_lexical_overlap,single_token,0.0,0.0051,0,explains_phrase,1,thirumurai_01_paadal_129,ppl_v4_base_93d178dc5b3cc83c,நிகர்,மேகங்கள் வந்து தங்கும் திருமுதுகுன்றத்தில் விளங்கும் பெருமானைப் பழமையான மிக்க புகழையுடைய புகலி நகரில் தோன்றிய மறைவல்ல ஞானசம்பந்தன் உரைத்த ஒப்பற்ற தமிழ்மாலைகளாகிய இப்பதிகப் பாடல்கள் பத்தையும் இசையோடு பகர்ந்து வழிபடும் அடியவர்களைத் துன்பங்களும் அவற்றைத் தரும் பாவங்களும் அடையா.,The paadal line and selected pozhppurai target share little surface vocabulary.
diagnostic_group=medium_similarity,medium,0.27,medium_similarity,punctuated_phrase,0.0526,0.1232,0,explains_phrase,5,thirumurai_05_paadal_1246,ppl_v4_base_805bf5845ae59588,"கூரிய(க்) குணத்தார் குறி நின்றவன்,","ஆரியமும், தமிழும், இசையும் ஆனவனும் மிக்க குணத்தார் குறியாக நின்றவனும் ஒருபாற் பார்வதிதேவியாரை உடையவனுமாகிய பெருமான் வீற்றிருக்கும் கடம்பந்துறை சென்றடைவீர்களாக.",Medium-confidence link; likely useful but should be sampled before scholarly use.
diagnostic_group=medium_similarity,medium,0.2701,medium_similarity,ordinary_phrase,0.0,0.0101,0,explains_phrase,1,thirumurai_01_paadal_123,ppl_v4_base_f792edeeef316bfd,கறை ஆர்,"கூரிய மூவிலை வடிவாய் அமைந்த குருதிக் கறைபடிந்த அழகிய நீண்ட வேலின் முனையில் குத்தி ஏந்திய சிவபெருமானது இடம் யாதெனில்,",Medium-confidence link; likely useful but should be sampled before scholarly use.
diagnostic_group=missing_or_unlinked,no_link,0.0,missing_or_unlinked,numeric_only,0.0,0.0,0,unlinked,3,thirumurai_03_paadal_3056,ppl_v4_base_4bd790511eed5da8,5,,"The normalized commentary row has empty pozhppurai text, so no target span can be linked."
diagnostic_group=missing_or_unlinked,no_link,0.0,missing_or_unlinked,numeric_only,0.0,0.0,0,unlinked,3,thirumurai_03_paadal_3548,ppl_v4_base_2da1aa52e174751d,1,,"The normalized commentary row has empty pozhppurai text, so no target span can be linked."
diagnostic_group=no_shared_entity_anchor,low,0.1327,no_shared_entity_anchor,single_token,0.0312,0.0103,0,describes_entity,2,thirumurai_02_paadal_2444,ppl_v4_base_031c9e99fa349dc4,எனப்,மணிகளையும் பொன்னையும் உந்திக் கொண்டு வரும் நீரை உடைய நிவாநதிக் கரைமேல் அழகுற அமைந்த நெல்வாயில் அரத்துறை அடிகள் தம் திருவருள் பிணிப்போடு அமைந்த மென்மையான சடைமீது பிறையணிந்துள்ள சிவனே எனப் பக்தி செய்து அவன் திருத்தொண்டுகளை அன்போடு செய்யாத பாவிகள் தொழுது பெறுதற்கு இயலாதது.,No accepted Entity v2 anchor overlaps both source and target spans.
diagnostic_group=no_shared_entity_anchor,low,0.1328,no_shared_entity_anchor,single_token,0.0294,0.013,0,theological_explanation,2,thirumurai_02_paadal_1990,ppl_v4_base_9fa382b95fc26f55,என்று,தேன் பொருந்திய செந்தாமரையில் எழுந்தருளிய நான்முகன் கடலிடைத் துயிலும் திருமால் ஆகியோர் தன்முனைப்பு நீங்கிச் சிறந்த அடியவர் ஆதற் பொருட்டு மிக உயர்ந்தும் ஆழ்ந்தும் அவர்கள் உணர்தற்கு அரியவனாகிய சிவபிரான் வெள்ளானை தவஞ் செய்து வழிபடும் நிலையில் சிறந்த திருவெண்காட்டில் எழுந்தருளியுள்ளான் என்று மனங்கசிந்து ,No accepted Entity v2 anchor overlaps both source and target spans.
diagnostic_group=order_only_weak_match,low,0.12,order_only_weak_match,numeric_only,0.0,0.0,0,explains_phrase,3,thirumurai_03_paadal_2852,ppl_v4_base_65fd56159d8d55b4,8,யானையின் தோலை உரித்துப் போர்த்தித் திருப்பூந்தராய் என்னும் தலத்தில் விரும்பி எழுந்தருளியுள்ள எனது பிஞ்ஞகனாகிய சிவபெருமானே தனது திருவடி விரல் ஒன்றினால் அரக்கனது ஆற்றலை அழித்துப் பின்னர் அவனுக்கு அருள் செய்தான்.,"The selected target is mainly supported by poem/commentary order, with little lexical or entity evidence."
diagnostic_group=order_only_weak_match,low,0.12,order_only_weak_match,numeric_only,0.0,0.0,0,theological_explanation,3,thirumurai_03_paadal_2901,ppl_v4_base_dada6d55d5a01bd4,2,சீதாப்பிராட்டியைக் கவர்ந்த தென்னிலங்கை மன்னனான தசமாமுகனின் பூச்சூடிய முடியையுடைய தலைகளை அறுத்துக் கொன்ற பழி நீங்குமாறு அம்பினைச் செலுத்தும் வில்லையுடைய அண்ணலாகிய இராமபிரான் வழிபட்ட இராமேச்சுரத்தை இடைவிடாது சிந்திப்பவர்களின் வினை அழியும்.,"The selected target is mainly supported by poem/commentary order, with little lexical or entity evidence."
diagnostic_group=overlaps_reviewed_split_or_gold,high,0.5285,overlaps_reviewed_split_or_gold,ordinary_phrase,0.4,0.6538,0,theological_explanation,6,thirumurai_06_paadal_379,ppl_v4_base_76ff7f9a3435166e,நான் அரற்றி நைகின்றேனே!.,என்று நான் அரற்றி நைகின்றேன்.,"Broad v2 parent overlaps a focused QA split/phrase rule; keep for diagnostics, not positive training."
diagnostic_group=overlaps_reviewed_split_or_gold,high,0.5318,overlaps_reviewed_split_or_gold,punctuated_phrase,0.2,0.1935,2,interprets_image,2,thirumurai_02_paadal_2649,ppl_v4_base_0651ef2245634976,"அரவு அல்குல்,",அரவு போன்ற அல்குலையும் உடையவரும்.,"Broad v2 parent overlaps a focused QA split/phrase rule; keep for diagnostics, not positive training."
diagnostic_group=overlaps_reviewed_split_or_gold,medium,0.274,overlaps_reviewed_split_or_gold,ordinary_phrase,0.0,0.0824,1,interprets_image,2,thirumurai_02_paadal_2561,ppl_v4_base_885ecb4c540b8ff9,அருக்கன் மண்டலத்து அணாவும் அம் தண் ஆரூர்,மத்தகம் முத்துக்களைச் சிந்தும் கயிலைமால்வரையைத் தனக்கு இடமாகக் கொண்ட சிவபிரானது ஊர் பசுமையான சோலைகளால் சூழப்பெற்றுக் கதிரோன் மண்டலத்தைக் கிட்டும் கொடிகள் கட்டப்பட்ட மாடமாளிகைகளை உடைய திருவாரூர்.,"Broad v2 parent overlaps a focused QA split/phrase rule; keep for diagnostics, not positive training."
diagnostic_group=overlaps_reviewed_split_or_gold,medium,0.288,overlaps_reviewed_split_or_gold,ordinary_phrase,0.25,0.087,0,theological_explanation,6,thirumurai_06_paadal_53,ppl_v4_base_51de17804f65e55b,போற்றி! என் தாதாய் போற்றி!,என் தந்தையே!,"Broad v2 parent overlaps a focused QA split/phrase rule; keep for diagnostics, not positive training."
diagnostic_group=overlaps_reviewed_split_or_gold,low,0.1229,overlaps_reviewed_split_or_gold,ordinary_phrase,0.0,0.0171,0,explains_phrase,1,thirumurai_01_paadal_1017,ppl_v4_base_57e188c2daadd0d4,பந்தி ஆர் கழல் சிந்தை செய்ம்மினே!,ஆலவாய்க் கோயிலிலுள்ள எந்தையாகிய சிவபெருமானுடைய அழிவில்லாத புகழுக்கு இருப்பிடமான திருவடிகளை மனங்கொள்ளுங்கள்.,"Broad v3 parent overlaps a v4 gold phrase; keep for diagnostics, not positive training."
diagnostic_group=overlaps_reviewed_split_or_gold,low,0.1232,overlaps_reviewed_split_or_gold,single_token,0.0,0.0186,0,interprets_image,1,thirumurai_01_paadal_100,ppl_v4_base_2bb35be1177935ff,எதிரும்,உடலிலிருந்து பிரிக்கப்பட்ட மயிர் நீங்கிய பிரமனது வெண்மையான தலையோட்டை உண்கலனாக் கொண்டு உலகெலாம் திரிந்து ஏற்கும் பலியை உணவாகக் கொள்ளுதற்கு எருது ஏறி வருவதோடு முதிர்ந்த சடைமுடியின் மீது வெண்பிறையைச் சூடித் திருவடிகளில் அதிரும் வீரக் கழல்களோடு விளங்கும் சிவபிரானுக்குரிய இடம் திருவண்ணாமலையாகும்.,"Broad v3 parent overlaps a v4 gold phrase; keep for diagnostics, not positive training."
diagnostic_group=strong_link,high,0.5202,strong_link,punctuated_phrase,0.0769,0.2,1,theological_explanation,4,thirumurai_04_paadal_640,ppl_v4_base_92b33f9795953b54,சேடு எறி சடையர் போலும்; தீவினை தீர்க்க வல்ல,"பெருமையை வெளிப்படுத்தும் சடையில் அடக்கியவராய், தீவினையைத் தீர்க்க வல்லவராய்,",High-confidence link with strong lexical/entity/containment evidence.
diagnostic_group=strong_link,high,0.5203,strong_link,punctuated_phrase,0.125,0.1833,1,theological_explanation,5,thirumurai_05_paadal_1240,ppl_v4_base_e8aff44923b75ced,"படையனை, மழுவாளொடு; பாய்தரும்","உணர்வார் வினைதீர்த்திடும் மழுவாளொடு பிறவும் படை உடையவனை,",High-confidence link with strong lexical/entity/containment evidence.
diagnostic_group=v4_gold_match,high,0.96,v4_gold_match,single_token,0.0,0.0,0,explains_phrase,1,thirumurai_01_paadal_1,ppl_v4_3885563a50c31185,அன்றே,அல்லனோ,v4 gold seed matched using pozhppurai.
diagnostic_group=v4_gold_match,high,0.96,v4_gold_match,single_token,0.0,0.0,0,explains_phrase,1,thirumurai_01_paadal_10,ppl_v4_79c1a731bb136877,அன்றே,அல்லனோ,v4 gold seed matched using pozhppurai.
diagnostic_group=v4_gold_match,medium,0.82,v4_gold_match,single_token,0.0,0.2,0,describes_entity,1,thirumurai_01_paadal_1016,ppl_v4_f83a2ba21f5c81eb,ஆலவாயிலார்,ஆலவாய் இறைவரை,v4 gold seed matched using pozhppurai.
diagnostic_group=v4_gold_match,medium,0.82,v4_gold_match,single_token,0.0,0.0714,0,describes_entity,1,thirumurai_01_paadal_1016,ppl_v4_48855114d3d955b0,காலகாலனார்,காலனுக்குக் காலனாய் அவனை அழித்தருளிய பெருவீரரும்,v4 gold seed matched using pozhppurai.
diagnostic_group=weak_similarity,low,0.1941,weak_similarity,punctuated_phrase,0.0,0.0338,1,describes_entity,1,thirumurai_01_paadal_445,ppl_v4_base_82c4addfcb7ebd56,"கடி படு கமலத்து அயனொடு மாலும், காதலோடு",முடி சூடிய அமரர்களும் முனிகணத்தவர்களும் முறையாகத் தம் திருவடிகளைப் பணிந்து ஏத்துதற்கு உரிய தகுதி வாய்ந்த இடமாகக் கொண்டு உமையம்மையும் தாமுமாய்த் திருப்பாம்புர நன்னகரில் விளங்கும் இறைவர் மணம் பொருந்திய தாமரை மலர் மேல் விளங்கும் பிரமனும் திருமாலும் அன்போடு அடிமுடி தேடத் தீவண்ணராய்க் கிளைத்த வினைகள் பலவ,The link has only weak combined similarity evidence.
diagnostic_group=weak_similarity,low,0.1954,weak_similarity,punctuated_phrase,0.0,0.0806,1,explains_phrase,1,thirumurai_01_paadal_1159,ppl_v4_base_cb144073daf5bae3,"தொத்து அலர் செஞ்சடைமேல்-துதைய உடன் சூடி,",செஞ்சடைமீது நல்ல ஊமத்த மலரையும் இளமதியையும் கொத்தாக அலரும் கொன்றை மலருடன் ஒருசேரநெருங்கச் சூடிப் பூங்கொத்துக்கள் அலரும் தண்ணிய பொழில் சூழ்ந்த கொடிமாடச் செங்குன்றூரில் எழுந்தருளிய தத்துவனைத் தொழுவார் தடுமாற்றங்கள் இலராவர்.,The link has only weak combined similarity evidence.
source_shape=long_line,high,0.5228,strong_link,long_line,0.0,0.2222,2,explains_phrase,2,thirumurai_02_paadal_2508,ppl_v4_base_993645b9c6eb59b9,காவல் ஆர் மதில் சூழ்ந்த கடி பொழில் காழி நன்நகரே.,காவலாக அமைந்த மதில்கள் சூழ்ந்ததும் மணம் பொருந்திய பொழில்களை உடையதுமான சீகாழி நன்னகர் ஆகும்.,High-confidence link with strong lexical/entity/containment evidence.
source_shape=long_line,high,0.5236,strong_link,long_line,0.0,0.102,2,interprets_image,2,thirumurai_02_paadal_1922,ppl_v4_base_396f367734c16155,விண் ஒளி சேர் மா மதியம் தீண்டியக்கால் வெண் மாடம்,"பாடலிலும் ஆடலிலும் வல்லவனும், ஒளிசெறிந்த கண்பொருந்திய நெற்றியினனும் ஆகிய சிவபெருமான் காதலித்த பழமையான கோயில், வானவெளியில் உலாவும் பெரிய மதியொளி சேர்தலால் வெண்மையான மாடவீடுகள் குளிர்ந்த ஒளியைப் பெறும் ஆக்கூரில் விளங்கும் தான் தோன்றிமாடம் ஆகும்.",High-confidence link with strong lexical/entity/containment evidence.
source_shape=long_line,medium,0.2734,medium_similarity,long_line,0.0909,0.1295,0,interprets_image,4,thirumurai_04_paadal_603,ppl_v4_base_7f29020cb47ed722,வெண் தலை கையில் ஏந்தி மிகவும் ஊர் பலி கொண்டு என்றும்,உலகத் தலைவனே! ஆலவாய் அப்பனே! வெள்ளிய மண்டையோட்டைக் கையில் ஏந்தி மிகவும் ஊர்களில் பிச்சையெடுத்தும் அப்பிச்சை உணவை உண்ணாது விடம் ஒன்றையே உண்டவன் என்று சொல்லப் படும் உன்னை அடியேன் வாழ்வின் முற்பகுதியில் விருப்புற்று நினைக்காத குற்றத்தினேன்.,Medium-confidence link; likely useful but should be sampled before scholarly use.
source_shape=long_line,medium,0.2747,medium_similarity,long_line,0.0333,0.0847,0,interprets_image,1,thirumurai_01_paadal_894,ppl_v4_base_eb36c6df6b3f42a0,ஊன் ஆர் தலை தன்னில் பலி கொண்டு உழல் வாழ்க்கை,"பிறைமதி, கங்கை ஆகியவற்றை முடியில் சூடி, வானளாவிய பொழில்சூழ்ந்த அம்பர் மாகாளத்தில் எழுந்தருளிய ஊன் பொருந்திய தலையோட்டில் பலியேற்றுத் திரியும் வாழ்க்கையை மேற்கொண்ட பெருமான் திருவடிகளைப் போற்றத் துன்பங்கள் நம்மை அடையா.",Medium-confidence link; likely useful but should be sampled before scholarly use.
source_shape=long_line,low,0.1256,low_lexical_overlap,long_line,0.0,0.0329,0,theological_explanation,7,thirumurai_07_paadal_678,ppl_v4_base_b8f6f0457fe39818,அடிகளை என் மனத்தினால் நினைந்த போது அவர் நமக்கு இனிய ஆறே! .,நறுமணத்தைக் கொண்ட பூக்களையுடைய பொய்கையின் கரைகளில் கரிய எருமைகள் மிக்கு உறங்குகின்ற திருக்கருப்பறியலூரில் உள்ள கொகுடிக் கோயிலில் கொடிபோலும்,The paadal line and selected pozhppurai target share little surface vocabulary.
source_shape=long_line,low,0.1277,low_lexical_overlap,long_line,0.0,0.045,0,interprets_image,4,thirumurai_04_paadal_227,ppl_v4_base_a7c6b33413ed77d0,நீலம் சேர் கண்டனார் தாம்- நீண்டு எரி ஆடும் ஆறே!,பாலனாகவும் மூத்தோனாகவும் காட்சி வழங்கிக் குளிர்ந்த பிறை ஒளிவீசும் சென்னியராய்க் காலனை காலான் வெகுண்ட பெருமானார் காளையை இவர்ந்து உலகவர் கூடி வணங்கும் தில்லையம்பதியில் சிறப்பாகப் போற்றப்படும் சிற்றம்பலத்திலே நீலகண்டராய் விரிவாக ஞானத் தீயிடைக் கூத்து நிகழ்த்தும் காட்சியைக் காணலாம்.,The paadal line and selected pozhppurai target share little surface vocabulary.
source_shape=long_line,no_link,0.0,missing_or_unlinked,long_line,0.0,0.0,0,unlinked,1,thirumurai_01_paadal_644,ppl_v4_base_5882e46d0fa9e3d7,மண் ஆர் முழவு அதிரும் மாட வீதி வயல் காழி,,"The normalized commentary row has empty pozhppurai text, so no target span can be linked."
source_shape=long_line,no_link,0.0,missing_or_unlinked,long_line,0.0,0.0,0,unlinked,1,thirumurai_01_paadal_645,ppl_v4_base_adb4e220b06ed27f,ஒண் தரங்க இசை பாடும் அளி அரசே! ஒளி மதியத்,,"The normalized commentary row has empty pozhppurai text, so no target span can be linked."
source_shape=numeric_only,medium,0.3467,medium_similarity,numeric_only,0.5,0.0,0,glosses_word,3,thirumurai_03_paadal_2978,ppl_v4_base_f0dfebe08ed84424,3,3 ப.,Medium-confidence link; likely useful but should be sampled before scholarly use.
source_shape=numeric_only,medium,0.4541,medium_similarity,numeric_only,1.0,0.0,0,glosses_word,3,thirumurai_03_paadal_3734,ppl_v4_base_92f489fdde9f7029,1,1.,Medium-confidence link; likely useful but should be sampled before scholarly use.
source_shape=numeric_only,low,0.12,order_only_weak_match,numeric_only,0.0,0.0,0,explains_phrase,3,thirumurai_03_paadal_2852,ppl_v4_base_65fd56159d8d55b4,8,யானையின் தோலை உரித்துப் போர்த்தித் திருப்பூந்தராய் என்னும் தலத்தில் விரும்பி எழுந்தருளியுள்ள எனது பிஞ்ஞகனாகிய சிவபெருமானே தனது திருவடி விரல் ஒன்றினால் அரக்கனது ஆற்றலை அழித்துப் பின்னர் அவனுக்கு அருள் செய்தான்.,"The selected target is mainly supported by poem/commentary order, with little lexical or entity evidence."
source_shape=numeric_only,low,0.12,order_only_weak_match,numeric_only,0.0,0.0,0,theological_explanation,3,thirumurai_03_paadal_2901,ppl_v4_base_dada6d55d5a01bd4,2,சீதாப்பிராட்டியைக் கவர்ந்த தென்னிலங்கை மன்னனான தசமாமுகனின் பூச்சூடிய முடியையுடைய தலைகளை அறுத்துக் கொன்ற பழி நீங்குமாறு அம்பினைச் செலுத்தும் வில்லையுடைய அண்ணலாகிய இராமபிரான் வழிபட்ட இராமேச்சுரத்தை இடைவிடாது சிந்திப்பவர்களின் வினை அழியும்.,"The selected target is mainly supported by poem/commentary order, with little lexical or entity evidence."
source_shape=numeric_only,no_link,0.0,missing_or_unlinked,numeric_only,0.0,0.0,0,unlinked,3,thirumurai_03_paadal_3056,ppl_v4_base_4bd790511eed5da8,5,,"The normalized commentary row has empty pozhppurai text, so no target span can be linked."
source_shape=numeric_only,no_link,0.0,missing_or_unlinked,numeric_only,0.0,0.0,0,unlinked,3,thirumurai_03_paadal_3548,ppl_v4_base_2da1aa52e174751d,1,,"The normalized commentary row has empty pozhppurai text, so no target span can be linked."
source_shape=ordinary_phrase,high,0.5203,strong_link,ordinary_phrase,0.0526,0.1269,2,explains_phrase,3,thirumurai_03_paadal_2860,ppl_v4_base_c12023df763649b1,கொன்றை பொன் சொரியும் கொள்ளம்பூதூர்,கொன்றை மரமானது பொன்னிறப் பூக்களை உதிர்க்கின்ற திருக்கொள்ளம்பூதூரில் எழுந்தருளியுள்ள நிமலனைத் தியானிக்க இந்த ஓடமானது ஆற்றைக் கடக்கத் தனக்குத் தானே தள்ளப்படுவதாக.,High-confidence link with strong lexical/entity/containment evidence.
source_shape=ordinary_phrase,high,0.5203,strong_link,ordinary_phrase,0.0385,0.1782,1,explains_phrase,5,thirumurai_05_paadal_1698,ppl_v4_base_0b9e3b3cf202b18f,கடுவாய்த்தென்கரைப்புத்தூர் அடிகட்கு ஆட்-,"பிச்சையிடுவார் இட்ட சோற்றுருண்டையினைப் பெற்றுத் தம் பெரிய கொடிய வாயில் இடும் சமணர்களது கட்டியுரைக்கும் பேச்சைக்கொள்ளாமல், கடுவாய்த்தென்கரைப் புத்தூரின் கண் எழுந்தருளியுள்ள அடிகட்கு ஆட்படப் பெற்று நான் பெரும் பாக்கியம் செய்தவன் ஆயினேன்.",High-confidence link with strong lexical/entity/containment evidence.
source_shape=ordinary_phrase,medium,0.2701,medium_similarity,ordinary_phrase,0.0,0.0101,0,explains_phrase,1,thirumurai_01_paadal_123,ppl_v4_base_f792edeeef316bfd,கறை ஆர்,"கூரிய மூவிலை வடிவாய் அமைந்த குருதிக் கறைபடிந்த அழகிய நீண்ட வேலின் முனையில் குத்தி ஏந்திய சிவபெருமானது இடம் யாதெனில்,",Medium-confidence link; likely useful but should be sampled before scholarly use.
source_shape=ordinary_phrase,medium,0.2702,medium_similarity,ordinary_phrase,0.125,0.1138,0,interprets_image,5,thirumurai_05_paadal_1432,ppl_v4_base_cba537f298fc8f32,கலவர் ஆவதன் காரணம் என்கொலோ-,"பொட்டணிந்தவரும், நீண்ட சடாமுடி உடையவருமாகிய செம்பொன்பள்ளி இறைவர் கங்கையைச் சூடியவராய், பாம்பும் குளிர்பிறையும் கலந்தவராய் ஆவதன் காரணம் என்னையோ?.",Medium-confidence link; likely useful but should be sampled before scholarly use.
source_shape=ordinary_phrase,low,0.12,order_only_weak_match,ordinary_phrase,0.0,0.0,0,describes_entity,1,thirumurai_01_paadal_445,ppl_v4_base_5948f64c138ebd2a,படி அது,முடி சூடிய அமரர்களும் முனிகணத்தவர்களும் முறையாகத் தம் திருவடிகளைப் பணிந்து ஏத்துதற்கு உரிய தகுதி வாய்ந்த இடமாகக் கொண்டு உமையம்மையும் தாமுமாய்த் திருப்பாம்புர நன்னகரில் விளங்கும் இறைவர் மணம் பொருந்திய தாமரை மலர் மேல் விளங்கும் பிரமனும் திருமாலும் அன்போடு அடிமுடி தேடத் தீவண்ணராய்க் கிளைத்த வினைகள் பலவ,"The selected target is mainly supported by poem/commentary order, with little lexical or entity evidence."
source_shape=ordinary_phrase,low,0.12,order_only_weak_match,ordinary_phrase,0.0,0.0,0,theological_explanation,1,thirumurai_01_paadal_941,ppl_v4_base_c707ef8c54e7fb30,அணி ஆர்,துணிக்கப் பெற்றதாகிய கோவண ஆடையை இடையிலே தரித்து அதன்மேல் தீப்போன்ற விட வெம்மை தணியாத நாகத்தை அழகுறத் தரித்தவராகிய அடிகள் அடியவர் பலரும் பணிந்து பரவி வாழ்த்த அழகிய வடுகூரில் ஆடியருள்கின்றார்.,"The selected target is mainly supported by poem/commentary order, with little lexical or entity evidence."
source_shape=ordinary_phrase,no_link,0.0,missing_or_unlinked,ordinary_phrase,0.0,0.0,0,unlinked,3,thirumurai_03_paadal_3576,ppl_v4_base_174759f4915af662,அது ஆர்,,"The normalized commentary row has empty pozhppurai text, so no target span can be linked."
source_shape=ordinary_phrase,no_link,0.0,missing_or_unlinked,ordinary_phrase,0.0,0.0,0,unlinked,1,thirumurai_01_paadal_439,ppl_v4_base_b4e92943b29d66fb,நல் அரவு,,"The normalized commentary row has empty pozhppurai text, so no target span can be linked."
source_shape=punctuated_phrase,high,0.5202,strong_link,punctuated_phrase,0.0769,0.2,1,theological_explanation,4,thirumurai_04_paadal_640,ppl_v4_base_92b33f9795953b54,சேடு எறி சடையர் போலும்; தீவினை தீர்க்க வல்ல,"பெருமையை வெளிப்படுத்தும் சடையில் அடக்கியவராய், தீவினையைத் தீர்க்க வல்லவராய்,",High-confidence link with strong lexical/entity/containment evidence.
source_shape=punctuated_phrase,high,0.5203,strong_link,punctuated_phrase,0.125,0.1833,1,theological_explanation,5,thirumurai_05_paadal_1240,ppl_v4_base_e8aff44923b75ced,"படையனை, மழுவாளொடு; பாய்தரும்","உணர்வார் வினைதீர்த்திடும் மழுவாளொடு பிறவும் படை உடையவனை,",High-confidence link with strong lexical/entity/containment evidence.
source_shape=punctuated_phrase,medium,0.27,medium_similarity,punctuated_phrase,0.0526,0.1232,0,explains_phrase,5,thirumurai_05_paadal_1246,ppl_v4_base_805bf5845ae59588,"கூரிய(க்) குணத்தார் குறி நின்றவன்,","ஆரியமும், தமிழும், இசையும் ஆனவனும் மிக்க குணத்தார் குறியாக நின்றவனும் ஒருபாற் பார்வதிதேவியாரை உடையவனுமாகிய பெருமான் வீற்றிருக்கும் கடம்பந்துறை சென்றடைவீர்களாக.",Medium-confidence link; likely useful but should be sampled before scholarly use.
source_shape=punctuated_phrase,medium,0.2702,medium_similarity,punctuated_phrase,0.0217,0.05,0,describes_entity,6,thirumurai_06_paadal_210,ppl_v4_base_157922a2f9b84756,"இராவணனை இருபது தோள் நெரிய ஊன்றி,",தான் சாகா வரம் பெற்றானாகச் செருக்கிய இராவணனை அவன் தோள்கள் இருபதும் நசுங்குமாறு திருவடி விரலை ஊன்றியவனாய்ப் உடைய மும்மதில்களையும் தீயிட்டுக் கொளுத்தி அழித்தவனாய்த் தன்னை அடைந்து வேண்டியவர் வேண்டியதை ஈவானாய்ச் 'சிவபெருமானே எம் இறைவன்' என்று அவனையே வழிபட்டுக் கொண்டிருக்கும் அடியவர்களுக்கு எல்லா நலன்களா,Medium-confidence link; likely useful but should be sampled before scholarly use.
source_shape=punctuated_phrase,low,0.12,order_only_weak_match,punctuated_phrase,0.0,0.0,0,theological_explanation,2,thirumurai_02_paadal_2268,ppl_v4_base_8f268dbbf53267b3,"புகலி, பூமேல்",நாம் கருதும் ஊர் பிரமபுரம் முதலான பன்னிரு பெயர்களையுடைய கழுமலமாகும்.,"The selected target is mainly supported by poem/commentary order, with little lexical or entity evidence."
source_shape=punctuated_phrase,low,0.12,order_only_weak_match,punctuated_phrase,0.0,0.0,0,theological_explanation,2,thirumurai_02_paadal_2268,ppl_v4_base_a06b5f9f0dc274ca,"காழி, கொச்சை,",நாம் கருதும் ஊர் பிரமபுரம் முதலான பன்னிரு பெயர்களையுடைய கழுமலமாகும்.,"The selected target is mainly supported by poem/commentary order, with little lexical or entity evidence."
source_shape=punctuated_phrase,no_link,0.0,missing_or_unlinked,punctuated_phrase,0.0,0.0,0,unlinked,3,thirumurai_03_paadal_3639,ppl_v4_base_1dce0d29e5bde92b,"இசை குலா,",,"The normalized commentary row has empty pozhppurai text, so no target span can be linked."
source_shape=punctuated_phrase,no_link,0.0,missing_or_unlinked,punctuated_phrase,0.0,0.0,0,unlinked,1,thirumurai_01_paadal_435,ppl_v4_base_5baa4bf610f5b11f,"புறம் கூற,",,"The normalized commentary row has empty pozhppurai text, so no target span can be linked."
source_shape=question,high,0.521,strong_link,question,0.1429,0.16,1,theological_explanation,5,thirumurai_05_paadal_1548,ppl_v4_base_16fbd6911bec08f7,"ஆமோ, அல்லல்பட, அடியோங்களே?",நின் அடியோமாகிய யாங்கள் அல்லறபடுதலும் ஆமோ?,High-confidence link with strong lexical/entity/containment evidence.
source_shape=question,high,0.5256,strong_link,question,0.0588,0.1161,1,explains_phrase,6,thirumurai_06_paadal_259,ppl_v4_base_b57f47971db5019f,"கூடுமே, நாய் அடியேன் செய் குற்றேவல்?",இவ்வளவு செய்திகளையும் அடியேன் அறிந்துள்ளேன். ஆதலின் நாய்போலும் அடியவனாகிய நான் செய்யும் சிறுபணிகள் உனக்கு ஏற்குமோ? ஏலாவோ?,High-confidence link with strong lexical/entity/containment evidence.
source_shape=question,medium,0.2713,medium_similarity,question,0.5,0.3913,0,glosses_word,6,thirumurai_06_paadal_932,ppl_v4_base_f28453bd6f895700,கண்ணுதலாய்! காட்டாக்காலே?.,கண்ணுதலாய்!,Medium-confidence link; likely useful but should be sampled before scholarly use.
source_shape=question,medium,0.2725,medium_similarity,question,0.08,0.0947,0,explains_phrase,6,thirumurai_06_paadal_953,ppl_v4_base_82d1c25063df5208,கலாம் மாலை வேல் கண்ணாள் பாகத்து உண்டோ?,வேல்போன்றனவுமாகிய கண்களையுடைய உமையம்மை அவன் பாகமாகப் பொருந்திய துண்டோ? கார்காலத்து மலரும் கொன்றை மாலை அவனுடலில் கலந்ததுண்டோ? வளைந்தமாலை போல்வதும் படமெடுத்தாடுவதும் ஆகிய பாம்பு தோள்மேல் விளங்குதல் உண்டோ?,Medium-confidence link; likely useful but should be sampled before scholarly use.
source_shape=question,low,0.1257,low_lexical_overlap,question,0.0,0.0337,0,theological_explanation,7,thirumurai_07_paadal_460,ppl_v4_base_aeb556b0f9a12591,ஆர்த்தது என்னே?,மலைக்கு நிகராகிய தன்மையால் தம்மில் ஒப்பனவாகிய வலிய அலைகள் வலம்புரிச் சங்குகளைப் பற்றி ஈர்த்து வந்து,The paadal line and selected pozhppurai target share little surface vocabulary.
source_shape=question,low,0.1296,low_lexical_overlap,question,0.0,0.0565,0,interprets_image,7,thirumurai_07_paadal_460,ppl_v4_base_58d449d3fc379da3,தலைக்குத் தலை மாலை அணிந்தது என்னே? சடைமேல் கங்கை வெள்ளம் தரித்தது,மலைக்கு நிகராகிய தன்மையால் தம்மில் ஒப்பனவாகிய வலிய அலைகள் வலம்புரிச் சங்குகளைப் பற்றி ஈர்த்து வந்து,The paadal line and selected pozhppurai target share little surface vocabulary.
source_shape=question,no_link,0.0,missing_or_unlinked,question,0.0,0.0,0,unlinked,1,thirumurai_01_paadal_476,ppl_v4_base_b5aa501ebe7ebc17,இவர் சார்வே?,,"The normalized commentary row has empty pozhppurai text, so no target span can be linked."
source_shape=question,no_link,0.0,missing_or_unlinked,question,0.0,0.0,0,unlinked,1,thirumurai_01_paadal_624,ppl_v4_base_586456e3916361cf,"சங்கரன், கழல் சாரவே?",,"The normalized commentary row has empty pozhppurai text, so no target span can be linked."
source_shape=single_token,high,0.5242,strong_link,single_token,0.5,0.2667,1,theological_explanation,2,thirumurai_02_paadal_2408,ppl_v4_base_17f23b0e69eb9d45,உள்ளம்,உள்ளம் ஒளியாக்கும.,High-confidence link with strong lexical/entity/containment evidence.
source_shape=single_token,high,0.5565,strong_link,single_token,0.0,0.0185,1,interprets_image,2,thirumurai_02_paadal_2184,ppl_v4_base_3de817fcf89d8fed,நீறு;,"கூர்மைக்கு விளக்கம் தருகின்ற சூலப்படையினை ஏந்திய திருஆலவாயான் திருநீறு, திரிபுரங்களை எரிக்கச் செய்தது. இம்மை மறுமை இன்பம் தர இருப்பது.",High-confidence link with strong lexical/entity/containment evidence.
source_shape=single_token,medium,0.2713,medium_similarity,single_token,0.0667,0.0317,0,explains_phrase,2,thirumurai_02_paadal_2167,ppl_v4_base_592c5f4769207b67,போலும்;,கயிற்றைக்கையில் பிடித்தவர். பிறையணிந்த சடைமுடியினர். போலும் என்பதனை வினாப்பொருளதாகக் கொண்டு இங்குக் கூறிய செய்திகள் யாவும் உறுதிப் படுமாற்றை உணரலாம்.,Medium-confidence link; likely useful but should be sampled before scholarly use.
source_shape=single_token,medium,0.2767,medium_similarity,single_token,0.2,0.05,0,glosses_word,2,thirumurai_02_paadal_2296,ppl_v4_base_89d7f6e025865007,உடன்,அக்கணை சென்று உடன் எரியச்செய்தது முப்புரங்களை.,Medium-confidence link; likely useful but should be sampled before scholarly use.
source_shape=single_token,low,0.12,order_only_weak_match,single_token,0.0,0.0,0,interprets_image,2,thirumurai_02_paadal_2231,ppl_v4_base_d0cd6ce1ecfe5536,ஆய,செழுமையான அழகிய காழி முதலாக வேணுபுரம் ஈறாகப் பன்னிருபெயர்களைக் கொண்டது கண்ணுதலான் கருதும் ஊராகும்.,"The selected target is mainly supported by poem/commentary order, with little lexical or entity evidence."
source_shape=single_token,low,0.12,order_only_weak_match,single_token,0.0,0.0,0,interprets_image,1,thirumurai_01_paadal_162,ppl_v4_base_9ba87deb38311662,சில,தலங்களில் சிறந்த புனல் சூழ்ந்த காழிப்பதியுள் தோன்றிய தமிழ் ஞானசம்பந்தன் உலகெங்கும் பரவிய புகழால் மிக்க நெய்த்தானத்துப் பெருமான் மீது பாடிய ஒப்பற்ற பயன்கள் பலவற்றைத் தரும் பாடல்களாகிய இவற்றைக் கற்றுப் பலகாலும் பரவவல்லவர் சீலம் நிறைந்த செல்வன் அடியாகிய சிவகதியைச் சேர்வர்.,"The selected target is mainly supported by poem/commentary order, with little lexical or entity evidence."
source_shape=single_token,no_link,0.0,missing_or_unlinked,single_token,0.0,0.0,0,unlinked,1,thirumurai_01_paadal_630,ppl_v4_base_236b4922cfbe2a0a,என,,"The normalized commentary row has empty pozhppurai text, so no target span can be linked."
source_shape=single_token,no_link,0.0,missing_or_unlinked,single_token,0.0,0.0,0,unlinked,1,thirumurai_01_paadal_443,ppl_v4_base_8902578bd7ff1766,எம்,,"The normalized commentary row has empty pozhppurai text, so no target span can be linked."
token_overlap_bin=0,high,0.5211,strong_link,punctuated_phrase,0.0,0.5263,1,glosses_word,2,thirumurai_02_paadal_2597,ppl_v4_base_dc5de350dbab5bde,"பசும்பொன்னை, விசும்பு ஆரும்","பசும் பொன்னை,",High-confidence link with strong lexical/entity/containment evidence.
token_overlap_bin=0,high,0.5228,strong_link,long_line,0.0,0.2222,2,explains_phrase,2,thirumurai_02_paadal_2508,ppl_v4_base_993645b9c6eb59b9,காவல் ஆர் மதில் சூழ்ந்த கடி பொழில் காழி நன்நகரே.,காவலாக அமைந்த மதில்கள் சூழ்ந்ததும் மணம் பொருந்திய பொழில்களை உடையதுமான சீகாழி நன்னகர் ஆகும்.,High-confidence link with strong lexical/entity/containment evidence.
token_overlap_bin=0,medium,0.2701,medium_similarity,ordinary_phrase,0.0,0.0101,0,explains_phrase,1,thirumurai_01_paadal_123,ppl_v4_base_f792edeeef316bfd,கறை ஆர்,"கூரிய மூவிலை வடிவாய் அமைந்த குருதிக் கறைபடிந்த அழகிய நீண்ட வேலின் முனையில் குத்தி ஏந்திய சிவபெருமானது இடம் யாதெனில்,",Medium-confidence link; likely useful but should be sampled before scholarly use.
token_overlap_bin=0,medium,0.2703,medium_similarity,ordinary_phrase,0.0,0.0113,0,describes_entity,2,thirumurai_02_paadal_2772,ppl_v4_base_bc66ed16448c24d3,அழகு எய்தவே,"தென்நாட்டின் உறையூர் வஞ்சி ஆகிய சோழ, சேர மண்டலங்களுக்கும் உரியவனாய்ப் புகழ்மிக்க செங்கோலினனாய் விளங்கிய கோச்செங்கட்சோழ மன்னன் கட்டிய மூக்கீச்சரத்துக் கோயிலில் விளங்கும் அடிகள், அன்னம் போன்ற நடையினை உடைய உமையம்மையாரோடு அழகுற விளங்கி,",Medium-confidence link; likely useful but should be sampled before scholarly use.
token_overlap_bin=0,low,0.12,order_only_weak_match,numeric_only,0.0,0.0,0,explains_phrase,3,thirumurai_03_paadal_2852,ppl_v4_base_65fd56159d8d55b4,8,யானையின் தோலை உரித்துப் போர்த்தித் திருப்பூந்தராய் என்னும் தலத்தில் விரும்பி எழுந்தருளியுள்ள எனது பிஞ்ஞகனாகிய சிவபெருமானே தனது திருவடி விரல் ஒன்றினால் அரக்கனது ஆற்றலை அழித்துப் பின்னர் அவனுக்கு அருள் செய்தான்.,"The selected target is mainly supported by poem/commentary order, with little lexical or entity evidence."
token_overlap_bin=0,low,0.12,order_only_weak_match,numeric_only,0.0,0.0,0,theological_explanation,3,thirumurai_03_paadal_2901,ppl_v4_base_dada6d55d5a01bd4,2,சீதாப்பிராட்டியைக் கவர்ந்த தென்னிலங்கை மன்னனான தசமாமுகனின் பூச்சூடிய முடியையுடைய தலைகளை அறுத்துக் கொன்ற பழி நீங்குமாறு அம்பினைச் செலுத்தும் வில்லையுடைய அண்ணலாகிய இராமபிரான் வழிபட்ட இராமேச்சுரத்தை இடைவிடாது சிந்திப்பவர்களின் வினை அழியும்.,"The selected target is mainly supported by poem/commentary order, with little lexical or entity evidence."
token_overlap_bin=0,no_link,0.0,missing_or_unlinked,numeric_only,0.0,0.0,0,unlinked,3,thirumurai_03_paadal_3056,ppl_v4_base_4bd790511eed5da8,5,,"The normalized commentary row has empty pozhppurai text, so no target span can be linked."
token_overlap_bin=0,no_link,0.0,missing_or_unlinked,numeric_only,0.0,0.0,0,unlinked,3,thirumurai_03_paadal_3548,ppl_v4_base_2da1aa52e174751d,1,,"The normalized commentary row has empty pozhppurai text, so no target span can be linked."
token_overlap_bin=0.01-0.05,high,0.5203,strong_link,ordinary_phrase,0.0385,0.1782,1,explains_phrase,5,thirumurai_05_paadal_1698,ppl_v4_base_0b9e3b3cf202b18f,கடுவாய்த்தென்கரைப்புத்தூர் அடிகட்கு ஆட்-,"பிச்சையிடுவார் இட்ட சோற்றுருண்டையினைப் பெற்றுத் தம் பெரிய கொடிய வாயில் இடும் சமணர்களது கட்டியுரைக்கும் பேச்சைக்கொள்ளாமல், கடுவாய்த்தென்கரைப் புத்தூரின் கண் எழுந்தருளியுள்ள அடிகட்கு ஆட்படப் பெற்று நான் பெரும் பாக்கியம் செய்தவன் ஆயினேன்.",High-confidence link with strong lexical/entity/containment evidence.
token_overlap_bin=0.01-0.05,high,0.5221,strong_link,ordinary_phrase,0.0476,0.217,1,interprets_image,1,thirumurai_01_paadal_1160,ppl_v4_base_36cbdb90c445d661,செம்பொனின் மேனியன் ஆம் பிரமன் திருமாலும் தேட நின்ற,"சிவந்த பொன்போன்ற மேனியினன் ஆகிய பிரமனும் திருமாலும் தேடுமாறு பவளத் திரள் போல ஒளி வடிவினனாய் ஓங்கிநின்ற மூல காரணனும்,",High-confidence link with strong lexical/entity/containment evidence.
token_overlap_bin=0.01-0.05,medium,0.2702,medium_similarity,punctuated_phrase,0.0217,0.05,0,describes_entity,6,thirumurai_06_paadal_210,ppl_v4_base_157922a2f9b84756,"இராவணனை இருபது தோள் நெரிய ஊன்றி,",தான் சாகா வரம் பெற்றானாகச் செருக்கிய இராவணனை அவன் தோள்கள் இருபதும் நசுங்குமாறு திருவடி விரலை ஊன்றியவனாய்ப் உடைய மும்மதில்களையும் தீயிட்டுக் கொளுத்தி அழித்தவனாய்த் தன்னை அடைந்து வேண்டியவர் வேண்டியதை ஈவானாய்ச் 'சிவபெருமானே எம் இறைவன்' என்று அவனையே வழிபட்டுக் கொண்டிருக்கும் அடியவர்களுக்கு எல்லா நலன்களா,Medium-confidence link; likely useful but should be sampled before scholarly use.
token_overlap_bin=0.01-0.05,medium,0.2703,medium_similarity,punctuated_phrase,0.0345,0.0566,0,interprets_image,1,thirumurai_01_paadal_1199,ppl_v4_base_79bc279796886dad,"மை அணி மிடறு உடை மறையவன் ஊர்,","கொய்யப் பெற்ற அழகிய மணம் கமழும் கொன்றை மலர்மாலை அணிந்தவனாய் விடம் பொருந்திய கண்டத்தை உடையவனாய், படம் பொருந்திய பாம்பையும், மான் மழு வாள் ஆகியவற்றையும் கையின்கண் அணிந்தவனாய் விளங்கும் மறை முதல்வனது ஊர் கடைமுடியாகும்.",Medium-confidence link; likely useful but should be sampled before scholarly use.
token_overlap_bin=0.01-0.05,low,0.1327,no_shared_entity_anchor,single_token,0.0312,0.0103,0,describes_entity,2,thirumurai_02_paadal_2444,ppl_v4_base_031c9e99fa349dc4,எனப்,மணிகளையும் பொன்னையும் உந்திக் கொண்டு வரும் நீரை உடைய நிவாநதிக் கரைமேல் அழகுற அமைந்த நெல்வாயில் அரத்துறை அடிகள் தம் திருவருள் பிணிப்போடு அமைந்த மென்மையான சடைமீது பிறையணிந்துள்ள சிவனே எனப் பக்தி செய்து அவன் திருத்தொண்டுகளை அன்போடு செய்யாத பாவிகள் தொழுது பெறுதற்கு இயலாதது.,No accepted Entity v2 anchor overlaps both source and target spans.
token_overlap_bin=0.01-0.05,low,0.1328,no_shared_entity_anchor,single_token,0.0294,0.013,0,theological_explanation,2,thirumurai_02_paadal_1990,ppl_v4_base_9fa382b95fc26f55,என்று,தேன் பொருந்திய செந்தாமரையில் எழுந்தருளிய நான்முகன் கடலிடைத் துயிலும் திருமால் ஆகியோர் தன்முனைப்பு நீங்கிச் சிறந்த அடியவர் ஆதற் பொருட்டு மிக உயர்ந்தும் ஆழ்ந்தும் அவர்கள் உணர்தற்கு அரியவனாகிய சிவபிரான் வெள்ளானை தவஞ் செய்து வழிபடும் நிலையில் சிறந்த திருவெண்காட்டில் எழுந்தருளியுள்ளான் என்று மனங்கசிந்து ,No accepted Entity v2 anchor overlaps both source and target spans.
token_overlap_bin=0.06-0.15,high,0.5202,strong_link,punctuated_phrase,0.0769,0.2,1,theological_explanation,4,thirumurai_04_paadal_640,ppl_v4_base_92b33f9795953b54,சேடு எறி சடையர் போலும்; தீவினை தீர்க்க வல்ல,"பெருமையை வெளிப்படுத்தும் சடையில் அடக்கியவராய், தீவினையைத் தீர்க்க வல்லவராய்,",High-confidence link with strong lexical/entity/containment evidence.
token_overlap_bin=0.06-0.15,high,0.5203,strong_link,punctuated_phrase,0.125,0.1833,1,theological_explanation,5,thirumurai_05_paadal_1240,ppl_v4_base_e8aff44923b75ced,"படையனை, மழுவாளொடு; பாய்தரும்","உணர்வார் வினைதீர்த்திடும் மழுவாளொடு பிறவும் படை உடையவனை,",High-confidence link with strong lexical/entity/containment evidence.
token_overlap_bin=0.06-0.15,medium,0.27,medium_similarity,punctuated_phrase,0.0526,0.1232,0,explains_phrase,5,thirumurai_05_paadal_1246,ppl_v4_base_805bf5845ae59588,"கூரிய(க்) குணத்தார் குறி நின்றவன்,","ஆரியமும், தமிழும், இசையும் ஆனவனும் மிக்க குணத்தார் குறியாக நின்றவனும் ஒருபாற் பார்வதிதேவியாரை உடையவனுமாகிய பெருமான் வீற்றிருக்கும் கடம்பந்துறை சென்றடைவீர்களாக.",Medium-confidence link; likely useful but should be sampled before scholarly use.
token_overlap_bin=0.06-0.15,medium,0.2702,medium_similarity,ordinary_phrase,0.125,0.1138,0,interprets_image,5,thirumurai_05_paadal_1432,ppl_v4_base_cba537f298fc8f32,கலவர் ஆவதன் காரணம் என்கொலோ-,"பொட்டணிந்தவரும், நீண்ட சடாமுடி உடையவருமாகிய செம்பொன்பள்ளி இறைவர் கங்கையைச் சூடியவராய், பாம்பும் குளிர்பிறையும் கலந்தவராய் ஆவதன் காரணம் என்னையோ?.",Medium-confidence link; likely useful but should be sampled before scholarly use.
token_overlap_bin=0.06-0.15,low,0.1549,no_shared_entity_anchor,ordinary_phrase,0.0833,0.0366,0,describes_entity,2,thirumurai_02_paadal_1993,ppl_v4_base_a763fd8abc60758b,பாடி ஆடிய,பண்ணிசை போலும் மொழிபேசும் மங்கையர் பலர் பாடி ஆடிய ஓசை கண்ணெதிரே அமைந்து விளங்கும் கடலை அடுத்துள்ள காழிப்பதியில் பெண்பாகனாக விளங்கும் பெருமானையே எம்தலைவன் என்று பலகாலும் கூறும் சிவனடியார்கள் பொருளோடு அருளாலும் குறைவிலர்.,No accepted Entity v2 anchor overlaps both source and target spans.
token_overlap_bin=0.06-0.15,low,0.1565,no_shared_entity_anchor,single_token,0.0667,0.0505,0,theological_explanation,2,thirumurai_02_paadal_2223,ppl_v4_base_af90b10f035be504,செல்வம்,நாம் கருதும் ஊர் வேணுபுரம் முதலாக சண்பை உள்ளிட்ட பன்னிரு திருப்பெயர்களைக் கொண்டு செல்வம் கருதிய வையகத்தார் ஏத்தும் கழுமலமாகும்.,No accepted Entity v2 anchor overlaps both source and target spans.
token_overlap_bin=0.16-0.30,high,0.5203,strong_link,punctuated_phrase,0.2308,0.321,1,describes_entity,2,thirumurai_02_paadal_2750,ppl_v4_base_718a37ac05cd9c18,"வெங் கண் நாகம், விரிசடையில் வைத்த விகிர்தன்(ன்)","எருக்கு, கூவிளம், நாகம் ஆகியவற்றைத் தம் விரிசடையில் வைத்த விகிர்தனின் இடமாகும்.",High-confidence link with strong lexical/entity/containment evidence.
token_overlap_bin=0.16-0.30,high,0.5205,strong_link,ordinary_phrase,0.25,0.7027,1,theological_explanation,5,thirumurai_05_paadal_1758,ppl_v4_base_f3d948319dbfc07e,நாம் பணிந்து அடி போற்றும் நள்ளாறனே.,"நாம் பணிந்து அடிபோற்றும் நள்ளாற்று இறைவன்,",High-confidence link with strong lexical/entity/containment evidence.
token_overlap_bin=0.16-0.30,medium,0.2703,medium_similarity,ordinary_phrase,0.1818,0.2237,0,describes_entity,5,thirumurai_05_paadal_1541,ppl_v4_base_9d832c53bd450137,மருந்தினோடு நல் சுற்றமும் மக்களும்,"எனக்கு மருந்தும், சுற்றமும், மக்களும் ஆகப் பொருந்திநின்று விளங்கும் புண்ணிய வடிவினன்;",Medium-confidence link; likely useful but should be sampled before scholarly use.
token_overlap_bin=0.16-0.30,medium,0.2712,medium_similarity,ordinary_phrase,0.25,0.2083,0,describes_entity,5,thirumurai_05_paadal_1197,ppl_v4_base_9e5bfd839b07484e,ஞாலமே! விசும்பே! நலம் தீமையே!,தீமையே!,Medium-confidence link; likely useful but should be sampled before scholarly use.
token_overlap_bin=0.16-0.30,low,0.2011,ambiguous_multiple_targets,single_token,0.1667,0.0227,0,glosses_word,1,thirumurai_01_paadal_88,ppl_v4_base_b6ca99820800ad3e,ஊர்,"வஞ்சகமான பூதப்படைகளை உடையவனும் ஆகிய சிவபிரானது ஊர்,","The best target is close to the second-best target, so several pozhppurai spans may be plausible."
token_overlap_bin=0.16-0.30,low,0.2025,ambiguous_multiple_targets,single_token,0.25,0.0,0,glosses_word,3,thirumurai_03_paadal_3545,ppl_v4_base_c7f71a386a32fb70,என,"கனகம் என - தங்கத்தைப் போல,","The best target is close to the second-best target, so several pozhppurai spans may be plausible."
token_overlap_bin=0.31-0.50,high,0.5203,strong_link,punctuated_phrase,0.4,0.4545,0,explains_line,2,thirumurai_02_paadal_2374,ppl_v4_base_4a89d38ebaf5a1e9,"நண்டு உண, நாரை செந்நெல் நடுவே இருந்து; விரை","நண்டு உண்ணவும் நாரைகள் செந்நெல் நடுவே இருந்து இரைதேட,",High-confidence link with strong lexical/entity/containment evidence.
token_overlap_bin=0.31-0.50,high,0.5242,strong_link,single_token,0.5,0.2667,1,theological_explanation,2,thirumurai_02_paadal_2408,ppl_v4_base_17f23b0e69eb9d45,உள்ளம்,உள்ளம் ஒளியாக்கும.,High-confidence link with strong lexical/entity/containment evidence.
token_overlap_bin=0.31-0.50,medium,0.2713,medium_similarity,question,0.5,0.3913,0,glosses_word,6,thirumurai_06_paadal_932,ppl_v4_base_f28453bd6f895700,கண்ணுதலாய்! காட்டாக்காலே?.,கண்ணுதலாய்!,Medium-confidence link; likely useful but should be sampled before scholarly use.
token_overlap_bin=0.31-0.50,medium,0.2719,medium_similarity,punctuated_phrase,0.3333,0.1053,0,glosses_word,6,thirumurai_06_paadal_410,ppl_v4_base_d906c84c00dab1ca,"கற்பகமும் நீயே என்றும்,",நீயே.,Medium-confidence link; likely useful but should be sampled before scholarly use.
token_overlap_bin=0.31-0.50,low,0.2117,ambiguous_multiple_targets,punctuated_phrase,0.3333,0.2353,0,explains_phrase,3,thirumurai_03_paadal_3067,ppl_v4_base_5b55cfde013df2cd,விண் உலாவும் நெறி; வீடு காட்டும் நெறி;,முக்தி நெறி காட்டும்.,"The best target is close to the second-best target, so several pozhppurai spans may be plausible."
token_overlap_bin=0.31-0.50,low,0.2215,ambiguous_multiple_targets,ordinary_phrase,0.3333,0.3929,0,explains_phrase,1,thirumurai_01_paadal_1329,ppl_v4_base_b32d055c8e7b4092,மனம் உடையவர் வலிவலம் உறை இறையே.,"வலிவலம் உறை இறைவன்,","The best target is close to the second-best target, so several pozhppurai spans may be plausible."
token_overlap_bin=0.51+,high,0.5237,strong_link,punctuated_phrase,0.6,0.5172,0,explains_phrase,3,thirumurai_03_paadal_3669,ppl_v4_base_b193f5c9da79a19a,"சல்லரி(யி), யாழ், முழவம், மொந்தை,","சல்லரி, யாழ், முழவம்,",High-confidence link with strong lexical/entity/containment evidence.
token_overlap_bin=0.51+,high,0.5281,strong_link,ordinary_phrase,0.5714,0.4737,0,theological_explanation,7,thirumurai_07_paadal_580_2227_6,ppl_v4_base_25584982f661414e,அறவனார் ஆவது அறிந்தோமேல் நாம் இவர்க்கு ஆட்படோமே! .,"இவற்றையெல்லாம் அறிந்தோமேல், நாம் இவர்க்கு ஆட்படோமே!",High-confidence link with strong lexical/entity/containment evidence.
token_overlap_bin=0.51+,medium,0.406,medium_similarity,punctuated_phrase,0.6,0.2353,0,explains_line,6,thirumurai_06_paadal_456,ppl_v4_base_f80c9a31b256f095,எண் அல்லை; எழுத்து அல்லை; எரியும் அல்லை; இரவு,"எண், எழுத்து, இரவு,",Medium-confidence link; likely useful but should be sampled before scholarly use.
token_overlap_bin=0.51+,medium,0.4296,medium_similarity,punctuated_phrase,0.625,0.4828,0,theological_explanation,1,thirumurai_01_paadal_25,ppl_v4_base_4c2f70f08df3005f,"உய்யும் வண்ணம் நினைமின்! நினைந்தால், வினை தீரும்;","வலிதாயத்தை உய்யும் வண்ணம் நினைமின்; நினைந்தால் பிணி தீரும்,",Medium-confidence link; likely useful but should be sampled before scholarly use.
shared_entity_bin=0,high,0.5203,strong_link,punctuated_phrase,0.4,0.4545,0,explains_line,2,thirumurai_02_paadal_2374,ppl_v4_base_4a89d38ebaf5a1e9,"நண்டு உண, நாரை செந்நெல் நடுவே இருந்து; விரை","நண்டு உண்ணவும் நாரைகள் செந்நெல் நடுவே இருந்து இரைதேட,",High-confidence link with strong lexical/entity/containment evidence.
shared_entity_bin=0,high,0.5206,strong_link,punctuated_phrase,0.25,0.8824,0,glosses_word,6,thirumurai_06_paadal_701,ppl_v4_base_ac969b48b6a4de58,"தில்லைச் சிற்றம்பலமும், செம்பொன்பள்ளி,","தில்லைச்சிற்றம்பலம், செம்பொன்பள்ளி,",High-confidence link with strong lexical/entity/containment evidence.
shared_entity_bin=0,medium,0.27,medium_similarity,punctuated_phrase,0.0526,0.1232,0,explains_phrase,5,thirumurai_05_paadal_1246,ppl_v4_base_805bf5845ae59588,"கூரிய(க்) குணத்தார் குறி நின்றவன்,","ஆரியமும், தமிழும், இசையும் ஆனவனும் மிக்க குணத்தார் குறியாக நின்றவனும் ஒருபாற் பார்வதிதேவியாரை உடையவனுமாகிய பெருமான் வீற்றிருக்கும் கடம்பந்துறை சென்றடைவீர்களாக.",Medium-confidence link; likely useful but should be sampled before scholarly use.
shared_entity_bin=0,medium,0.2701,medium_similarity,ordinary_phrase,0.0,0.0101,0,explains_phrase,1,thirumurai_01_paadal_123,ppl_v4_base_f792edeeef316bfd,கறை ஆர்,"கூரிய மூவிலை வடிவாய் அமைந்த குருதிக் கறைபடிந்த அழகிய நீண்ட வேலின் முனையில் குத்தி ஏந்திய சிவபெருமானது இடம் யாதெனில்,",Medium-confidence link; likely useful but should be sampled before scholarly use.
shared_entity_bin=0,low,0.12,order_only_weak_match,numeric_only,0.0,0.0,0,explains_phrase,3,thirumurai_03_paadal_2852,ppl_v4_base_65fd56159d8d55b4,8,யானையின் தோலை உரித்துப் போர்த்தித் திருப்பூந்தராய் என்னும் தலத்தில் விரும்பி எழுந்தருளியுள்ள எனது பிஞ்ஞகனாகிய சிவபெருமானே தனது திருவடி விரல் ஒன்றினால் அரக்கனது ஆற்றலை அழித்துப் பின்னர் அவனுக்கு அருள் செய்தான்.,"The selected target is mainly supported by poem/commentary order, with little lexical or entity evidence."
shared_entity_bin=0,low,0.12,order_only_weak_match,numeric_only,0.0,0.0,0,theological_explanation,3,thirumurai_03_paadal_2901,ppl_v4_base_dada6d55d5a01bd4,2,சீதாப்பிராட்டியைக் கவர்ந்த தென்னிலங்கை மன்னனான தசமாமுகனின் பூச்சூடிய முடியையுடைய தலைகளை அறுத்துக் கொன்ற பழி நீங்குமாறு அம்பினைச் செலுத்தும் வில்லையுடைய அண்ணலாகிய இராமபிரான் வழிபட்ட இராமேச்சுரத்தை இடைவிடாது சிந்திப்பவர்களின் வினை அழியும்.,"The selected target is mainly supported by poem/commentary order, with little lexical or entity evidence."
shared_entity_bin=0,no_link,0.0,missing_or_unlinked,numeric_only,0.0,0.0,0,unlinked,3,thirumurai_03_paadal_3056,ppl_v4_base_4bd790511eed5da8,5,,"The normalized commentary row has empty pozhppurai text, so no target span can be linked."
shared_entity_bin=0,no_link,0.0,missing_or_unlinked,numeric_only,0.0,0.0,0,unlinked,3,thirumurai_03_paadal_3548,ppl_v4_base_2da1aa52e174751d,1,,"The normalized commentary row has empty pozhppurai text, so no target span can be linked."
shared_entity_bin=1,high,0.5202,strong_link,punctuated_phrase,0.0769,0.2,1,theological_explanation,4,thirumurai_04_paadal_640,ppl_v4_base_92b33f9795953b54,சேடு எறி சடையர் போலும்; தீவினை தீர்க்க வல்ல,"பெருமையை வெளிப்படுத்தும் சடையில் அடக்கியவராய், தீவினையைத் தீர்க்க வல்லவராய்,",High-confidence link with strong lexical/entity/containment evidence.
shared_entity_bin=1,high,0.5203,strong_link,punctuated_phrase,0.125,0.1833,1,theological_explanation,5,thirumurai_05_paadal_1240,ppl_v4_base_e8aff44923b75ced,"படையனை, மழுவாளொடு; பாய்தரும்","உணர்வார் வினைதீர்த்திடும் மழுவாளொடு பிறவும் படை உடையவனை,",High-confidence link with strong lexical/entity/containment evidence.
shared_entity_bin=1,medium,0.2709,medium_similarity,punctuated_phrase,0.0,0.0822,1,describes_entity,2,thirumurai_02_paadal_2269,ppl_v4_base_2f6b32df0d1d9fc3,"தருத் திகழும் பொழில் புறவம், சண்பை சடைமுடி","சடைமுடியை உடைய அண்ணலாகிய சிவபிரான் தங்கும் ஊர் நல்ல,",Medium-confidence link; likely useful but should be sampled before scholarly use.
shared_entity_bin=1,medium,0.271,medium_similarity,punctuated_phrase,0.0,0.0254,1,describes_entity,4,thirumurai_04_paadal_953,ppl_v4_base_6c286c73af01b05d,"கல் ஆர் முடியொடு தோள் இறச் செற்ற கழல் அடியான்,",இடியை ஒத்து ஒலிக்கும் காளை வடிவு எழுதப்பட்ட கொடியை உடைய சிவபெருமானுடைய சிவபுரக் கோயிலகத்தும் புக வல்லேன் அடியேன்.,Medium-confidence link; likely useful but should be sampled before scholarly use.
shared_entity_bin=1,low,0.161,low_lexical_overlap,ordinary_phrase,0.0,0.0733,1,describes_entity,1,thirumurai_01_paadal_1155,ppl_v4_base_98066eb226f7b0c4,நீர் உறு செஞ்சடையான் கழல் ஏத்தல் நீதியே.,கச்சணிந்த தனங்களை உடைய அழகிய உமையம்மை விளங்கும் திருமார்பின்கண் கார்காலத்தே மலரும் கொன்றை மலர் மாலையோடு சினம் பொருந்திய பாம்பை அணிகலனாகப் பூண்டு சிறப்புப் பொருந்திய அந்தணர்கள் வாழும் கொடிமாடச் செங்குன்றூரில் எழுந்தருளிய கங்கையணிந்த செஞ்சடையனாய் விளங்கும் சிவபிரானின் கழலணிந்த திருவடிகளை ஏத்துதல் நீதி,The paadal line and selected pozhppurai target share little surface vocabulary.
shared_entity_bin=1,low,0.1898,low_lexical_overlap,ordinary_phrase,0.0,0.0186,1,explains_phrase,2,thirumurai_02_paadal_1513,ppl_v4_base_5980b2a515cbb2ba,நீடல் மேவு நிமிர்புன்சடைமேல் ஒர் நிலாமு,நீண்டுயர்ந்த சடைமுடிமீது பிறைமதியைச் சூடியவராய் வேத விதிப்படி வளர்க்கப்பெற்றுச் சுழன்றெரியும் தீயில் ஆடு தலை விரும்பும் இறைவர் உறையும் அனேகதங்காவதம் என்னும் தலத்தைப் பாடுதலை விரும்பும் மனத்தினராய பக்தர்கள் வினைகளையும் அவற்றால் விளையும் பற்றுக்களையும் அறுப்பர்.,The paadal line and selected pozhppurai target share little surface vocabulary.
shared_entity_bin=2+,high,0.5203,strong_link,ordinary_phrase,0.0526,0.1269,2,explains_phrase,3,thirumurai_03_paadal_2860,ppl_v4_base_c12023df763649b1,கொன்றை பொன் சொரியும் கொள்ளம்பூதூர்,கொன்றை மரமானது பொன்னிறப் பூக்களை உதிர்க்கின்ற திருக்கொள்ளம்பூதூரில் எழுந்தருளியுள்ள நிமலனைத் தியானிக்க இந்த ஓடமானது ஆற்றைக் கடக்கத் தனக்குத் தானே தள்ளப்படுவதாக.,High-confidence link with strong lexical/entity/containment evidence.
shared_entity_bin=2+,high,0.5206,strong_link,ordinary_phrase,0.0833,0.2029,2,interprets_image,6,thirumurai_06_paadal_813,ppl_v4_base_a973969bb3b562b1,தேன் ஒத்து அடியார்க்கு இனியார் போலும்,"நன்மையும் தீமையும் ஆனவரும், அடியார்க்குத் தேன் போன்று தித்திப்பவரும் ஆவார்.",High-confidence link with strong lexical/entity/containment evidence.
shared_entity_bin=2+,medium,0.2734,medium_similarity,ordinary_phrase,0.0,0.1181,2,interprets_image,1,thirumurai_01_paadal_1156,ppl_v4_base_a64bea4c744ebf47,மின்திகழ் செஞ்சடையான் கழல் ஏத்தல் மெய்ப்பொருளே.,திருமகள் விளங்கும் திருமாலாகிய ஆமையினது ஓட்டினோடு முப்புரிநூல் திகழும் மார்பின்கண் நல்ல பன்றியின் கொம்புகளையும் அணிந்து மூங்கில் போன்ற தோளினளாகிய உமையம்மை ஒரு பாகமாக விளங்கக் குன்றுகள் போன்ற மாளிகைகள் சூழ்ந்த கொடிமாடச் செங்குன்றூரில் வானில் திகழும் மின்னல் போன்று விளங்கும் செஞ்சடையானின் கழலணிந்த திர,Medium-confidence link; likely useful but should be sampled before scholarly use.
shared_entity_bin=2+,medium,0.2748,medium_similarity,ordinary_phrase,0.0,0.1068,2,theological_explanation,1,thirumurai_01_paadal_1334,ppl_v4_base_614e043087ce620c,வான் அணை மதில் வலிவலம் உறை இறையே.,"வானத்தைச் சென்றடையுமாறு நெருக்கமாகக் கட்டப்பட்ட கொடிகளைக் கொண்ட மதில்களால் சூழப்பட்ட வலிவலத்தில் உறையும் இறைவன்,",Medium-confidence link; likely useful but should be sampled before scholarly use.
shared_entity_bin=2+,low,0.2047,low_lexical_overlap,punctuated_phrase,0.0,0.0276,2,describes_entity,6,thirumurai_06_paadal_210,ppl_v4_base_ffebe7ba9b03c8cb,"மதியம், மலர்க் கொன்றை, வன்னி, மத்தம்,",தான் சாகா வரம் பெற்றானாகச் செருக்கிய இராவணனை அவன் தோள்கள் இருபதும் நசுங்குமாறு திருவடி விரலை ஊன்றியவனாய்ப் உடைய மும்மதில்களையும் தீயிட்டுக் கொளுத்தி அழித்தவனாய்த் தன்னை அடைந்து வேண்டியவர் வேண்டியதை ஈவானாய்ச் 'சிவபெருமானே எம் இறைவன்' என்று அவனையே வழிபட்டுக் கொண்டிருக்கும் அடியவர்களுக்கு எல்லா நலன்களா,The paadal line and selected pozhppurai target share little surface vocabulary.
shared_entity_bin=2+,low,0.2167,ambiguous_multiple_targets,punctuated_phrase,0.0,0.0226,3,interprets_image,4,thirumurai_04_paadal_1068,ppl_v4_base_cd557d1299279efd,"வாரி வளாய வருபுனல் கங்கைசடை மறிவு ஆய்,",தேன் பெருக்கெடுத்தோடும் நறுமணம் கமழும் கொன்றைமலரைச் சூடிப் பாவமில்லாதவனாகிய இறைவன் உலகியல் செய்திகள் யாவும் கலந்து கிடக்கும் அடியேனுடைய உள்ளத்துப் புகுந்தான். அவன் திருமுடி அதன் மேல் வெள்ளமாய் வரும் நீரை உடைய கங்கை இவற்றால் தன் இயக்கம் தடைப்பட இளைய பிறை சடைப் புறமிருந்து திரும்பி ஏரி போன்ற நீர் நிறை,"The best target is close to the second-best target, so several pozhppurai spans may be plausible."
relationship_type=describes_entity,high,0.5203,strong_link,punctuated_phrase,0.2308,0.321,1,describes_entity,2,thirumurai_02_paadal_2750,ppl_v4_base_718a37ac05cd9c18,"வெங் கண் நாகம், விரிசடையில் வைத்த விகிர்தன்(ன்)","எருக்கு, கூவிளம், நாகம் ஆகியவற்றைத் தம் விரிசடையில் வைத்த விகிர்தனின் இடமாகும்.",High-confidence link with strong lexical/entity/containment evidence.
relationship_type=describes_entity,high,0.5204,strong_link,punctuated_phrase,0.1,0.0945,1,describes_entity,3,thirumurai_03_paadal_3893,ppl_v4_base_0fe1b39c6965f541,"எம் சிவனார்க்கு அடிமைப்படுவார்க்கு இனி இல்லை, ஏதமே.",நெற்றியில் நெருப்புக் கண்ணுடையவர். நஞ்சைக் கக்கும் நாகத்தை அரையில் கச்சாகக் கட்டியவர். நலம் பெருகச் செய்யும் திருநாரையூர் என்னும் திருத்தலத்தில் விரும்பி வீற்றிருந்தருளுகின்ற எம் சிவபெருமானுக்கு அடிமைத் தொண்டு செய்பவர்கட்கு இனி எந்நாளும் துன்பம் என்பதே இல்லை.,High-confidence link with strong lexical/entity/containment evidence.
relationship_type=describes_entity,medium,0.2702,medium_similarity,punctuated_phrase,0.0217,0.05,0,describes_entity,6,thirumurai_06_paadal_210,ppl_v4_base_157922a2f9b84756,"இராவணனை இருபது தோள் நெரிய ஊன்றி,",தான் சாகா வரம் பெற்றானாகச் செருக்கிய இராவணனை அவன் தோள்கள் இருபதும் நசுங்குமாறு திருவடி விரலை ஊன்றியவனாய்ப் உடைய மும்மதில்களையும் தீயிட்டுக் கொளுத்தி அழித்தவனாய்த் தன்னை அடைந்து வேண்டியவர் வேண்டியதை ஈவானாய்ச் 'சிவபெருமானே எம் இறைவன்' என்று அவனையே வழிபட்டுக் கொண்டிருக்கும் அடியவர்களுக்கு எல்லா நலன்களா,Medium-confidence link; likely useful but should be sampled before scholarly use.
relationship_type=describes_entity,medium,0.2703,medium_similarity,ordinary_phrase,0.0,0.0113,0,describes_entity,2,thirumurai_02_paadal_2772,ppl_v4_base_bc66ed16448c24d3,அழகு எய்தவே,"தென்நாட்டின் உறையூர் வஞ்சி ஆகிய சோழ, சேர மண்டலங்களுக்கும் உரியவனாய்ப் புகழ்மிக்க செங்கோலினனாய் விளங்கிய கோச்செங்கட்சோழ மன்னன் கட்டிய மூக்கீச்சரத்துக் கோயிலில் விளங்கும் அடிகள், அன்னம் போன்ற நடையினை உடைய உமையம்மையாரோடு அழகுற விளங்கி,",Medium-confidence link; likely useful but should be sampled before scholarly use.
relationship_type=describes_entity,low,0.12,order_only_weak_match,numeric_only,0.0,0.0,0,describes_entity,3,thirumurai_03_paadal_3233,ppl_v4_base_f374267fba7987a9,1,யாவற்றுக்கும் கருப்பொருளாக விளங்கும் திருக்கச்சியேகம்பத்தில் வீற்றிருந்தருளும் ஒப்பற்ற சிவபெருமானைப் போற்றி வணங்க வினைவந்து சாராது.,"The selected target is mainly supported by poem/commentary order, with little lexical or entity evidence."
relationship_type=describes_entity,low,0.12,order_only_weak_match,numeric_only,0.0,0.0,0,describes_entity,3,thirumurai_03_paadal_2997,ppl_v4_base_96cb13a262d24359,11,அளவில்லாத ஆற்றலுடைய இறைவன் வீற்றிருந்தருளும் இடமாகிய திருவைகல் என்னும் திருத்தலத்திலுள்ள மாடக் கோயிலைச் சந்தன மரங்கள் கொண்ட சோலைகளையுடைய அழகிய திருச்சண்பை நகரில் அவதரித்த ஞானசம்பந்தன் அருளிய இத்தமிழ்ப் பதிகத்தைச் சிந்தையிலிருத்திப் போற்ற வல்லவர்கள் சிவலோகத்தில் இருப்பர்.,"The selected target is mainly supported by poem/commentary order, with little lexical or entity evidence."
relationship_type=explains_line,high,0.5203,strong_link,punctuated_phrase,0.4,0.4545,0,explains_line,2,thirumurai_02_paadal_2374,ppl_v4_base_4a89d38ebaf5a1e9,"நண்டு உண, நாரை செந்நெல் நடுவே இருந்து; விரை","நண்டு உண்ணவும் நாரைகள் செந்நெல் நடுவே இருந்து இரைதேட,",High-confidence link with strong lexical/entity/containment evidence.
relationship_type=explains_line,high,0.5225,strong_link,punctuated_phrase,0.0909,0.3,1,explains_line,1,thirumurai_01_paadal_1134,ppl_v4_base_7f50bd86618ce700,"சோலையில் வண்டு இனங்கள் சுரும்போடு இசை முரல, சூழ்ந்த","சோலைகளில் வண்டுகளும், சுரும்புகளும் இசை முரலவும்,",High-confidence link with strong lexical/entity/containment evidence.
relationship_type=explains_line,medium,0.2722,medium_similarity,ordinary_phrase,0.0,0.1206,0,explains_line,5,thirumurai_05_paadal_1643,ppl_v4_base_63bb0197873c97f8,பண் உளார் பயிலும் திருக்கோளிலி,"விண்ணிலுள்ள தேவர்கள் தொழுது வணங்கும் விளக்கும், மண்ணுலகிலுள்ளவர் வினைகள் தீர்க்கும் மருந்தும் ஆகிய பண்ணுள்ளவர்கள் பயில்கின்ற திருக்கோளிலியில் எழுந்தரிளியுள்ள அண்ணலார் அடிகளையே தொழுது உய்வீர்களாக!",Medium-confidence link; likely useful but should be sampled before scholarly use.
relationship_type=explains_line,medium,0.274,medium_similarity,punctuated_phrase,0.2857,0.2683,0,explains_line,4,thirumurai_04_paadal_995,ppl_v4_base_695cf5f7ab0a2373,"சாம் அன்று உரைக்கத் தருதி கண்டாய், எங்கள் சங்கரனே!",எங்கள் சங்கரனே!,Medium-confidence link; likely useful but should be sampled before scholarly use.
relationship_type=explains_line,low,0.15,order_only_weak_match,single_token,0.0,0.0,0,explains_line,2,thirumurai_02_paadal_1953,ppl_v4_base_3b6cf1adeece99a2,அவியக்,"முற்காலத்தே தேவர்கள் கூடித்திருப்பாற் கடலைக் கடைந்த போது தோன்றிய நஞ்சினை உண்ட தலைவன் என்ற நன்றி உணர்வோடு தேவர்கள் தொழுது ஏத்தப், பகைவருடைய பழமையான முப்புரங்களையும் வெந்தழியுமாறு செய்தவனாகிய சிவபிரான் மேவி உறையும் கோவில் கைச்சினம்.","The selected target is mainly supported by poem/commentary order, with little lexical or entity evidence."
relationship_type=explains_line,low,0.1629,ambiguous_multiple_targets,punctuated_phrase,0.0,0.0171,0,explains_line,2,thirumurai_02_paadal_2502,ppl_v4_base_6b03a7a8bb0ee14f,"மத்து ஆக,","அமுதை விரும்பிய வானவர் வாசுகி என்னும் பெரிய பாம்பைக் கயிறாகக் கொண்டு மந்தரம் என்னும் மலையை மத்தாக நாட்டிப் பெரிய கடலைக் கலங்குமாறு கடைந்த போது அதனிடை,","The best target is close to the second-best target, so several pozhppurai spans may be plausible."
relationship_type=explains_phrase,high,0.5203,strong_link,ordinary_phrase,0.0526,0.1269,2,explains_phrase,3,thirumurai_03_paadal_2860,ppl_v4_base_c12023df763649b1,கொன்றை பொன் சொரியும் கொள்ளம்பூதூர்,கொன்றை மரமானது பொன்னிறப் பூக்களை உதிர்க்கின்ற திருக்கொள்ளம்பூதூரில் எழுந்தருளியுள்ள நிமலனைத் தியானிக்க இந்த ஓடமானது ஆற்றைக் கடக்கத் தனக்குத் தானே தள்ளப்படுவதாக.,High-confidence link with strong lexical/entity/containment evidence.
relationship_type=explains_phrase,high,0.5203,strong_link,ordinary_phrase,0.0385,0.1782,1,explains_phrase,5,thirumurai_05_paadal_1698,ppl_v4_base_0b9e3b3cf202b18f,கடுவாய்த்தென்கரைப்புத்தூர் அடிகட்கு ஆட்-,"பிச்சையிடுவார் இட்ட சோற்றுருண்டையினைப் பெற்றுத் தம் பெரிய கொடிய வாயில் இடும் சமணர்களது கட்டியுரைக்கும் பேச்சைக்கொள்ளாமல், கடுவாய்த்தென்கரைப் புத்தூரின் கண் எழுந்தருளியுள்ள அடிகட்கு ஆட்படப் பெற்று நான் பெரும் பாக்கியம் செய்தவன் ஆயினேன்.",High-confidence link with strong lexical/entity/containment evidence.
relationship_type=explains_phrase,medium,0.27,medium_similarity,punctuated_phrase,0.0526,0.1232,0,explains_phrase,5,thirumurai_05_paadal_1246,ppl_v4_base_805bf5845ae59588,"கூரிய(க்) குணத்தார் குறி நின்றவன்,","ஆரியமும், தமிழும், இசையும் ஆனவனும் மிக்க குணத்தார் குறியாக நின்றவனும் ஒருபாற் பார்வதிதேவியாரை உடையவனுமாகிய பெருமான் வீற்றிருக்கும் கடம்பந்துறை சென்றடைவீர்களாக.",Medium-confidence link; likely useful but should be sampled before scholarly use.
relationship_type=explains_phrase,medium,0.2701,medium_similarity,ordinary_phrase,0.0,0.0101,0,explains_phrase,1,thirumurai_01_paadal_123,ppl_v4_base_f792edeeef316bfd,கறை ஆர்,"கூரிய மூவிலை வடிவாய் அமைந்த குருதிக் கறைபடிந்த அழகிய நீண்ட வேலின் முனையில் குத்தி ஏந்திய சிவபெருமானது இடம் யாதெனில்,",Medium-confidence link; likely useful but should be sampled before scholarly use.
relationship_type=explains_phrase,low,0.12,order_only_weak_match,numeric_only,0.0,0.0,0,explains_phrase,3,thirumurai_03_paadal_2852,ppl_v4_base_65fd56159d8d55b4,8,யானையின் தோலை உரித்துப் போர்த்தித் திருப்பூந்தராய் என்னும் தலத்தில் விரும்பி எழுந்தருளியுள்ள எனது பிஞ்ஞகனாகிய சிவபெருமானே தனது திருவடி விரல் ஒன்றினால் அரக்கனது ஆற்றலை அழித்துப் பின்னர் அவனுக்கு அருள் செய்தான்.,"The selected target is mainly supported by poem/commentary order, with little lexical or entity evidence."
relationship_type=explains_phrase,low,0.12,order_only_weak_match,numeric_only,0.0,0.0,0,explains_phrase,3,thirumurai_03_paadal_3237,ppl_v4_base_8acdd8b1139bcab4,5,சித்திர வேலைப்பாடுகளையுடைய அழகிய கச்சியை இடமாகக் கொண்டு திருவேகம்பத்தில் வீற்றிருந்தருளும் இறைவன் எங்கள் தலைவனே என்று போற்ற வினை வந்து சாராது.,"The selected target is mainly supported by poem/commentary order, with little lexical or entity evidence."
relationship_type=glosses_word,high,0.5206,strong_link,punctuated_phrase,0.25,0.8824,0,glosses_word,6,thirumurai_06_paadal_701,ppl_v4_base_ac969b48b6a4de58,"தில்லைச் சிற்றம்பலமும், செம்பொன்பள்ளி,","தில்லைச்சிற்றம்பலம், செம்பொன்பள்ளி,",High-confidence link with strong lexical/entity/containment evidence.
relationship_type=glosses_word,high,0.5211,strong_link,punctuated_phrase,0.0,0.5263,1,glosses_word,2,thirumurai_02_paadal_2597,ppl_v4_base_dc5de350dbab5bde,"பசும்பொன்னை, விசும்பு ஆரும்","பசும் பொன்னை,",High-confidence link with strong lexical/entity/containment evidence.
relationship_type=glosses_word,medium,0.2706,medium_similarity,ordinary_phrase,0.0,0.0133,0,glosses_word,2,thirumurai_02_paadal_1903,ppl_v4_base_37609d82ee86faef,உரு ஆய்,"திருமால் பிரமர் காணாதவாறு எரிஉருவாய் நீண்டு அவர்க்கு அரியன் ஆனவனும், மேலான நிலையினனும்,",Medium-confidence link; likely useful but should be sampled before scholarly use.
relationship_type=glosses_word,medium,0.271,medium_similarity,ordinary_phrase,0.0312,0.0657,0,glosses_word,1,thirumurai_01_paadal_191,ppl_v4_base_adaed8da6218a5c3,சுற்றி ஒரு வேங்கை அதளோடும் பிறை சூடும்,"பிரமனது தலைகளில் ஒன்றைப் பறித்து அதனைக் கையினில் ஏந்திப் பலிகேட்கும் இயல்பினராய்த் திரிகின்ற தேவர் தலைவரும் புலித்தோலை இடையில் சுற்றியிருப்பதோடு முடியில் பிறைமதியைச் சூடியவரும், நெற்றியில் ஒரு கண்ணை உடையவரும் ஆகிய பெருமானார் திருநின்றியூரின்கண் நிலையாக எழுந்தருளியுள்ளார்.",Medium-confidence link; likely useful but should be sampled before scholarly use.
relationship_type=glosses_word,low,0.1218,low_lexical_overlap,ordinary_phrase,0.0,0.0104,0,glosses_word,5,thirumurai_05_paadal_1974,ppl_v4_base_acd1bfe9eb1355d7,கடுக்கக் கல்லவடம் இடுவார்கட்குக்,அஞ்சியும் அன்புசெய்தும் இறைவனிடத்து அன்புடையவராய் ஈகை செய்யும் அடியவரைத் துன்புறுத்தாது அகலுங்கள்.,The paadal line and selected pozhppurai target share little surface vocabulary.
relationship_type=glosses_word,low,0.1251,low_lexical_overlap,punctuated_phrase,0.0,0.03,0,glosses_word,5,thirumurai_05_paadal_1974,ppl_v4_base_d31fc5dbac3f9b53,"ழுநடுக்கத்துள்ளும், நகையுளும், நம்பற்குக்",அஞ்சியும் அன்புசெய்தும் இறைவனிடத்து அன்புடையவராய் ஈகை செய்யும் அடியவரைத் துன்புறுத்தாது அகலுங்கள்.,The paadal line and selected pozhppurai target share little surface vocabulary.
relationship_type=interprets_image,high,0.5204,strong_link,punctuated_phrase,0.0909,0.1695,1,interprets_image,3,thirumurai_03_paadal_3495,ppl_v4_base_213467ff6ac993bb,"பிறை நவின்ற செஞ்சடைகள் பின் தாழ,","பிறைச்சந்திரனைச் சூடிய சிவந்த சடைகள் பின் பக்கம் தொங்க,",High-confidence link with strong lexical/entity/containment evidence.
relationship_type=interprets_image,high,0.5205,strong_link,punctuated_phrase,0.125,0.1842,1,interprets_image,2,thirumurai_02_paadal_2344,ppl_v4_base_78e610cd02ae172c,"தூய விடை மேல் வருவார், துன்னார் உடைய",தூய விடைமீது வருபவர்.,High-confidence link with strong lexical/entity/containment evidence.
relationship_type=interprets_image,medium,0.2702,medium_similarity,ordinary_phrase,0.125,0.1138,0,interprets_image,5,thirumurai_05_paadal_1432,ppl_v4_base_cba537f298fc8f32,கலவர் ஆவதன் காரணம் என்கொலோ-,"பொட்டணிந்தவரும், நீண்ட சடாமுடி உடையவருமாகிய செம்பொன்பள்ளி இறைவர் கங்கையைச் சூடியவராய், பாம்பும் குளிர்பிறையும் கலந்தவராய் ஆவதன் காரணம் என்னையோ?.",Medium-confidence link; likely useful but should be sampled before scholarly use.
relationship_type=interprets_image,medium,0.2703,medium_similarity,punctuated_phrase,0.0345,0.0566,0,interprets_image,1,thirumurai_01_paadal_1199,ppl_v4_base_79bc279796886dad,"மை அணி மிடறு உடை மறையவன் ஊர்,","கொய்யப் பெற்ற அழகிய மணம் கமழும் கொன்றை மலர்மாலை அணிந்தவனாய் விடம் பொருந்திய கண்டத்தை உடையவனாய், படம் பொருந்திய பாம்பையும், மான் மழு வாள் ஆகியவற்றையும் கையின்கண் அணிந்தவனாய் விளங்கும் மறை முதல்வனது ஊர் கடைமுடியாகும்.",Medium-confidence link; likely useful but should be sampled before scholarly use.
relationship_type=interprets_image,low,0.12,order_only_weak_match,numeric_only,0.0,0.0,0,interprets_image,3,thirumurai_03_paadal_3234,ppl_v4_base_6519b5a81f4d5af8,2,மதி தவழும் மாடங்களையுடைய கச்சியில் கம்பை நதியின் கரையில் விளங்குகின்ற திருவேகம்பத்தைச் சிவாகம விதிப்படி அன்பர்கள் போற்றி வணங்கச் சிவகணங்களுக்குத் தலைமையாய் விளங்குவார்கள்.,"The selected target is mainly supported by poem/commentary order, with little lexical or entity evidence."
relationship_type=interprets_image,low,0.12,order_only_weak_match,numeric_only,0.0,0.0,0,interprets_image,3,thirumurai_03_paadal_3315,ppl_v4_base_cf019a7a66ea4283,7,மின்னலைப் போன்று ஒளிரும் நுண்ணிய இடையுடைய உமாதேவியைத் தன் திருமேனியில் ஒரு பாகமாகக் கொண்டு சிவபெருமான் வீற்றிருந்தருளுகின்ற மாமழபாடியை இசைப்பாடலால் போற்றி வழிபாடு செய்யும் அன்பர்களின் வினையாவும் நீங்கும்.,"The selected target is mainly supported by poem/commentary order, with little lexical or entity evidence."
relationship_type=theological_explanation,high,0.5202,strong_link,punctuated_phrase,0.0769,0.2,1,theological_explanation,4,thirumurai_04_paadal_640,ppl_v4_base_92b33f9795953b54,சேடு எறி சடையர் போலும்; தீவினை தீர்க்க வல்ல,"பெருமையை வெளிப்படுத்தும் சடையில் அடக்கியவராய், தீவினையைத் தீர்க்க வல்லவராய்,",High-confidence link with strong lexical/entity/containment evidence.
relationship_type=theological_explanation,high,0.5203,strong_link,punctuated_phrase,0.125,0.1833,1,theological_explanation,5,thirumurai_05_paadal_1240,ppl_v4_base_e8aff44923b75ced,"படையனை, மழுவாளொடு; பாய்தரும்","உணர்வார் வினைதீர்த்திடும் மழுவாளொடு பிறவும் படை உடையவனை,",High-confidence link with strong lexical/entity/containment evidence.
relationship_type=theological_explanation,medium,0.2706,medium_similarity,punctuated_phrase,0.0435,0.0449,0,theological_explanation,5,thirumurai_05_paadal_1637,ppl_v4_base_7bd2b36b084779a2,"மேவினானை, தொழ வினை வீடுமே.",'செல்க' என்று பாற்கடலைக் கூவி அருளியவனும் குளிர் பொழில்களையுடைய கோளிலியில் விரும்பி உறைபவனுமாகிய பெருமானைத் தொழ நம் வினைகள் வீடும். 'பெருமானது அளவில் ஆற்றலும் பேரருளுடைமையும் ' குறித்தபடி.,Medium-confidence link; likely useful but should be sampled before scholarly use.
relationship_type=theological_explanation,medium,0.2708,medium_similarity,punctuated_phrase,0.0227,0.0775,0,theological_explanation,1,thirumurai_01_paadal_31,ppl_v4_base_f2555cdd8730bf9c,"எரி அது ஆகி உற ஓங்கியவன், வலிதாயம் தொழுது ஏத்த,","தேவர்களோடு மாறுபட்ட திரிபுர அசுரர்களின் கோட்டைகள் மூன்றையும், மிகப் பெரிய மேருமலையை வில்லாகக் கொண்டு எரியும்படி அழித்த ஒருவனும், திருமால் பிரமன் ஆகிய இருவராலும் அறிய ஒண்ணாத அழல் வடிவாய் உயர்ந்தோங்கியவனும் ஆகிய சிவபிரானது திருவலிதாயத்தைத் தொழுது ஏத்தலைத் தமக்குரிய கடமையாகக் கொண்ட உலக மக்கள் பலரும் பெ",Medium-confidence link; likely useful but should be sampled before scholarly use.
relationship_type=theological_explanation,low,0.12,order_only_weak_match,numeric_only,0.0,0.0,0,theological_explanation,3,thirumurai_03_paadal_2901,ppl_v4_base_dada6d55d5a01bd4,2,சீதாப்பிராட்டியைக் கவர்ந்த தென்னிலங்கை மன்னனான தசமாமுகனின் பூச்சூடிய முடியையுடைய தலைகளை அறுத்துக் கொன்ற பழி நீங்குமாறு அம்பினைச் செலுத்தும் வில்லையுடைய அண்ணலாகிய இராமபிரான் வழிபட்ட இராமேச்சுரத்தை இடைவிடாது சிந்திப்பவர்களின் வினை அழியும்.,"The selected target is mainly supported by poem/commentary order, with little lexical or entity evidence."
relationship_type=theological_explanation,low,0.12,order_only_weak_match,numeric_only,0.0,0.0,0,theological_explanation,3,thirumurai_03_paadal_2966,ppl_v4_base_1207a408038134d3,2,நலம் தரும் இறைவனின் திருவடிகளை மலர்கொண்டு போற்றி வழிபட்ட மார்க்கண்டேயனின் வாழ்நாள் இறுதியை அறிந்து யாவராலும் தவிர்க்க முடியாதவனாகி மார்க்கண்டேயனை நெருங்கி வந்தடைந்த கூற்றுவனைக் காலால் உதைத்த இறைவர் திருக்கொள்ளிக்காடு என்னும் திருத்தலத்தில் வீற்றிருந்தருளுகின்றார்.,"The selected target is mainly supported by poem/commentary order, with little lexical or entity evidence."
relationship_type=unlinked,no_link,0.0,missing_or_unlinked,numeric_only,0.0,0.0,0,unlinked,3,thirumurai_03_paadal_3056,ppl_v4_base_4bd790511eed5da8,5,,"The normalized commentary row has empty pozhppurai text, so no target span can be linked."
relationship_type=unlinked,no_link,0.0,missing_or_unlinked,numeric_only,0.0,0.0,0,unlinked,3,thirumurai_03_paadal_3548,ppl_v4_base_2da1aa52e174751d,1,,"The normalized commentary row has empty pozhppurai text, so no target span can be linked."
